Names,Time,Last Scan
tilche0,2019-07-22 18:16:30.672,2019-07-22 18:41:06.576000
khwi72,2019-07-22 18:19:00.449,2019-07-22 18:41:11.689000
sammysidepipes,2019-07-22 18:19:00.449,2019-07-22 18:41:16.521000
bigdealsandmore,2019-07-22 18:19:00.449,2019-07-22 18:41:24.498000
zamius3,2019-07-22 18:19:00.449,
wallst50,2019-07-22 18:19:00.449,
dasgutellc,2019-07-22 18:19:00.449,
the_tmstore,2019-07-22 18:19:00.449,
amelze0,2019-07-22 18:19:00.449,
andysalomon28,2019-07-22 18:19:00.449,
whiterood,2019-07-22 18:19:00.449,
wynningteam1,2019-07-22 18:19:00.449,
beststorebestshop,2019-07-22 18:19:00.449,
cutsi_3,2019-07-22 18:19:00.449,
casetrujill-3,2019-07-22 18:19:00.449,
jombo-deals,2019-07-22 18:19:00.449,
quiettimelucyru,2019-07-22 18:19:00.449,
jkna_64,2019-07-22 18:19:00.449,
luxury*beauty*grooming_prime_deals,2019-07-22 18:19:00.449,
bestancape-7,2019-07-22 18:19:00.449,
popeeff,2019-07-22 18:19:00.449,
drdeals2015,2019-07-22 18:19:00.449,
truenorthdistributors,2019-07-22 18:19:00.449,
saverightaway,2019-07-22 18:19:00.449,
evecandles,2019-07-22 18:19:49.543,
bestelectronicsdeals007,2019-07-22 18:19:49.543,
paydirttrading,2019-07-22 18:19:49.543,
asesinahermosa,2019-07-22 18:19:49.543,
leswill-5909,2019-07-22 18:19:49.543,
haveaniceday_8,2019-07-22 18:19:49.543,
john-deals,2019-07-22 18:19:49.543,
yvofor-54,2019-07-22 18:19:49.543,
warehousesh,2019-07-22 18:19:49.543,
topfirestarter,2019-07-22 18:19:49.543,
firefighteryakir,2019-07-22 18:19:49.543,
desmondh-13,2019-07-22 18:16:30.672,2019-07-22 18:28:45.228000
theluckycactus,2019-07-22 18:16:30.672,2019-07-22 18:28:52.363000
hobbzrulz159,2019-07-22 18:16:30.672,2019-07-22 18:29:21.479000
tech_pointusa,2019-07-22 18:16:30.672,2019-07-22 18:29:29.534000
keysi2014,2019-07-22 18:16:30.672,2019-07-22 18:29:36.546000
expertshop100,2019-07-22 18:16:30.672,2019-07-22 18:29:43.492000
maro_798,2019-07-22 18:16:30.672,2019-07-22 18:29:52.259000
triplebatch323,2019-07-22 18:17:20.264,2019-07-22 18:29:58.994000
ebuy-deals,2019-07-22 18:17:20.264,2019-07-22 18:30:08.962000
chichomestore,2019-07-22 18:17:20.264,2019-07-22 18:30:17.702000
offertogo,2019-07-22 18:17:20.264,2019-07-22 18:30:27.552000
depotshack,2019-07-22 18:17:20.264,2019-07-22 18:30:35.165000
hobbzrulz159,2019-07-22 18:17:20.264,2019-07-22 18:30:41.801000
playcho,2019-07-22 18:17:20.264,2019-07-22 18:30:48.541000
truenorthdistributors,2019-07-22 18:17:20.264,2019-07-22 18:30:56.570000
cutsi_3,2019-07-22 18:18:11.818,2019-07-22 18:31:03.314000
geekyvibes,2019-07-22 18:18:11.818,2019-07-22 18:31:13.436000
metropolitansales,2019-07-22 18:18:11.818,2019-07-22 18:31:21.071000
americanashop,2019-07-22 18:18:11.818,2019-07-22 18:31:28.616000
cayennestore,2019-07-22 18:18:11.818,2019-07-22 18:31:36.472000
*omer*store*,2019-07-22 18:18:11.818,2019-07-22 18:31:43.435000
riverflowless,2019-07-22 18:18:11.818,2019-07-22 18:31:52.044000
giftiquesales01,2019-07-22 18:18:11.818,2019-07-22 18:31:59.206000
limitedcoupondeals,2019-07-22 18:19:00.449,2019-07-22 18:32:06.043000
wilwil3145,2019-07-22 18:19:00.449,2019-07-22 18:32:10.908000
hemetus,2019-07-22 18:19:00.449,2019-07-22 18:32:41.564000
herread,2019-07-22 18:19:00.449,2019-07-22 18:32:48.068000
